{
  "staging": {
    "awscloudformation": {
      "AuthRoleName": "amplify-courierservice-staging-181303-authRole",
      "UnauthRoleArn": "arn:aws:iam::203423239938:role/amplify-courierservice-staging-181303-unauthRole",
      "AuthRoleArn": "arn:aws:iam::203423239938:role/amplify-courierservice-staging-181303-authRole",
      "Region": "us-east-1",
      "DeploymentBucketName": "amplify-courierservice-staging-181303-deployment",
      "UnauthRoleName": "amplify-courierservice-staging-181303-unauthRole",
      "StackName": "amplify-courierservice-staging-181303",
      "StackId": "arn:aws:cloudformation:us-east-1:203423239938:stack/amplify-courierservice-staging-181303/017b77a0-516c-11ed-9e29-0ab66139f07f",
      "AmplifyAppId": "d11g403fhx99o7"
    },
    "categories": {
      "auth": {
        "CourierService": {}
      }
    }
  }
}